write	/proc/sys/vm/overcommit_memory	1
write	/proc/sys/vm/watermark_scale_factor	10
write	/proc/sys/vm/watermark_boost_factor	10000
write	/proc/sys/vm/user_reserve_kbytes	16384
write	/proc/sys/vm/admin_reserve_kbytes	16384
write	/proc/sys/vm/min_free_kbytes	1048576
write	/proc/sys/vm/lowmem_reserve_ratio	256 256 32
write	/proc/sys/vm/zone_reclaim_mode	0
write	/proc/sys/vm/vfs_cache_pressure	2000
write	/proc/sys/kernel/numa_balancing	0
write	/sys/kernel/mm/numa/demotion_enabled	0
write	/sys/kernel/mm/transparent_hugepage/enabled	always
write	/sys/kernel/mm/transparent_hugepage/defrag	always
write	/sys/kernel/mm/transparent_hugepage/shmem_enabled	force
write	/sys/kernel/mm/transparent_hugepage/khugepaged/defrag	1
write	/proc/sys/vm/compaction_proactiveness	80
write	/sys/kernel/mm/transparent_hugepage/khugepaged/pages_to_scan	8192
write	/sys/kernel/mm/transparent_hugepage/khugepaged/scan_sleep_millisecs	0
write	/sys/kernel/mm/transparent_hugepage/khugepaged/alloc_sleep_millisecs	1
write	/sys/kernel/mm/ksm/run	0
write	/sys/kernel/mm/lru_gen/enabled	0x0000
write	/proc/sys/kernel/perf_cpu_time_max_percent	25
write	/proc/sys/kernel/perf_event_max_sample_rate	1000000
write	/proc/sys/kernel/perf_cpu_time_max_percent	0
command	wrmsr --processor 10 0x620 0x707
command	wrmsr --processor 11 0x620 0x707
command	wrmsr --processor 12 0x620 0x707
command	wrmsr --processor 13 0x620 0x707
command	wrmsr --processor 14 0x620 0x707
command	wrmsr --processor 15 0x620 0x707
command	wrmsr --processor 16 0x620 0x707
command	wrmsr --processor 17 0x620 0x707
command	wrmsr --processor 18 0x620 0x707
command	wrmsr --processor 19 0x620 0x707
command	wrmsr --processor 30 0x620 0x707
command	wrmsr --processor 31 0x620 0x707
command	wrmsr --processor 32 0x620 0x707
command	wrmsr --processor 33 0x620 0x707
command	wrmsr --processor 34 0x620 0x707
command	wrmsr --processor 35 0x620 0x707
command	wrmsr --processor 36 0x620 0x707
command	wrmsr --processor 37 0x620 0x707
command	wrmsr --processor 38 0x620 0x707
command	wrmsr --processor 39 0x620 0x707
command	swapoff -a
write	/proc/irq/0/smp_affinity_list	10-19,30-39
write	/proc/irq/1/smp_affinity_list	10-19,30-39
write	/proc/irq/10/smp_affinity_list	10-19,30-39
write	/proc/irq/101/smp_affinity_list	10-19,30-39
write	/proc/irq/103/smp_affinity_list	10-19,30-39
write	/proc/irq/104/smp_affinity_list	10-19,30-39
write	/proc/irq/105/smp_affinity_list	10-19,30-39
write	/proc/irq/106/smp_affinity_list	10-19,30-39
write	/proc/irq/107/smp_affinity_list	10-19,30-39
write	/proc/irq/108/smp_affinity_list	10-19,30-39
write	/proc/irq/109/smp_affinity_list	10-19,30-39
write	/proc/irq/11/smp_affinity_list	10-19,30-39
write	/proc/irq/110/smp_affinity_list	10-19,30-39
write	/proc/irq/111/smp_affinity_list	10-19,30-39
write	/proc/irq/112/smp_affinity_list	10-19,30-39
write	/proc/irq/113/smp_affinity_list	10-19,30-39
write	/proc/irq/114/smp_affinity_list	10-19,30-39
write	/proc/irq/115/smp_affinity_list	10-19,30-39
write	/proc/irq/116/smp_affinity_list	10-19,30-39
write	/proc/irq/117/smp_affinity_list	10-19,30-39
write	/proc/irq/118/smp_affinity_list	10-19,30-39
write	/proc/irq/119/smp_affinity_list	10-19,30-39
write	/proc/irq/12/smp_affinity_list	10-19,30-39
write	/proc/irq/120/smp_affinity_list	10-19,30-39
write	/proc/irq/121/smp_affinity_list	10-19,30-39
write	/proc/irq/122/smp_affinity_list	10-19,30-39
write	/proc/irq/123/smp_affinity_list	10-19,30-39
write	/proc/irq/124/smp_affinity_list	10-19,30-39
write	/proc/irq/125/smp_affinity_list	10-19,30-39
write	/proc/irq/126/smp_affinity_list	10-19,30-39
write	/proc/irq/127/smp_affinity_list	10-19,30-39
write	/proc/irq/128/smp_affinity_list	10-19,30-39
write	/proc/irq/129/smp_affinity_list	10-19,30-39
write	/proc/irq/13/smp_affinity_list	10-19,30-39
write	/proc/irq/130/smp_affinity_list	10-19,30-39
write	/proc/irq/131/smp_affinity_list	10-19,30-39
write	/proc/irq/132/smp_affinity_list	10-19,30-39
write	/proc/irq/133/smp_affinity_list	10-19,30-39
write	/proc/irq/134/smp_affinity_list	10-19,30-39
write	/proc/irq/135/smp_affinity_list	10-19,30-39
write	/proc/irq/136/smp_affinity_list	10-19,30-39
write	/proc/irq/137/smp_affinity_list	10-19,30-39
write	/proc/irq/138/smp_affinity_list	10-19,30-39
write	/proc/irq/139/smp_affinity_list	10-19,30-39
write	/proc/irq/14/smp_affinity_list	10-19,30-39
write	/proc/irq/140/smp_affinity_list	10-19,30-39
write	/proc/irq/141/smp_affinity_list	10-19,30-39
write	/proc/irq/142/smp_affinity_list	10-19,30-39
write	/proc/irq/143/smp_affinity_list	10-19,30-39
write	/proc/irq/144/smp_affinity_list	10-19,30-39
write	/proc/irq/145/smp_affinity_list	10-19,30-39
write	/proc/irq/146/smp_affinity_list	10-19,30-39
write	/proc/irq/147/smp_affinity_list	10-19,30-39
write	/proc/irq/148/smp_affinity_list	10-19,30-39
write	/proc/irq/149/smp_affinity_list	10-19,30-39
write	/proc/irq/15/smp_affinity_list	10-19,30-39
write	/proc/irq/150/smp_affinity_list	10-19,30-39
write	/proc/irq/151/smp_affinity_list	10-19,30-39
write	/proc/irq/152/smp_affinity_list	10-19,30-39
write	/proc/irq/153/smp_affinity_list	10-19,30-39
write	/proc/irq/154/smp_affinity_list	10-19,30-39
write	/proc/irq/155/smp_affinity_list	10-19,30-39
write	/proc/irq/164/smp_affinity_list	10-19,30-39
write	/proc/irq/165/smp_affinity_list	10-19,30-39
write	/proc/irq/166/smp_affinity_list	10-19,30-39
write	/proc/irq/167/smp_affinity_list	10-19,30-39
write	/proc/irq/168/smp_affinity_list	10-19,30-39
write	/proc/irq/169/smp_affinity_list	10-19,30-39
write	/proc/irq/170/smp_affinity_list	10-19,30-39
write	/proc/irq/171/smp_affinity_list	10-19,30-39
write	/proc/irq/172/smp_affinity_list	10-19,30-39
write	/proc/irq/173/smp_affinity_list	10-19,30-39
write	/proc/irq/174/smp_affinity_list	10-19,30-39
write	/proc/irq/175/smp_affinity_list	10-19,30-39
write	/proc/irq/176/smp_affinity_list	10-19,30-39
write	/proc/irq/177/smp_affinity_list	10-19,30-39
write	/proc/irq/178/smp_affinity_list	10-19,30-39
write	/proc/irq/179/smp_affinity_list	10-19,30-39
write	/proc/irq/180/smp_affinity_list	10-19,30-39
write	/proc/irq/181/smp_affinity_list	10-19,30-39
write	/proc/irq/182/smp_affinity_list	10-19,30-39
write	/proc/irq/183/smp_affinity_list	10-19,30-39
write	/proc/irq/184/smp_affinity_list	10-19,30-39
write	/proc/irq/185/smp_affinity_list	10-19,30-39
write	/proc/irq/186/smp_affinity_list	10-19,30-39
write	/proc/irq/187/smp_affinity_list	10-19,30-39
write	/proc/irq/188/smp_affinity_list	10-19,30-39
write	/proc/irq/189/smp_affinity_list	10-19,30-39
write	/proc/irq/190/smp_affinity_list	10-19,30-39
write	/proc/irq/191/smp_affinity_list	10-19,30-39
write	/proc/irq/192/smp_affinity_list	10-19,30-39
write	/proc/irq/193/smp_affinity_list	10-19,30-39
write	/proc/irq/194/smp_affinity_list	10-19,30-39
write	/proc/irq/195/smp_affinity_list	10-19,30-39
write	/proc/irq/196/smp_affinity_list	10-19,30-39
write	/proc/irq/197/smp_affinity_list	10-19,30-39
write	/proc/irq/198/smp_affinity_list	10-19,30-39
write	/proc/irq/199/smp_affinity_list	10-19,30-39
write	/proc/irq/2/smp_affinity_list	10-19,30-39
write	/proc/irq/200/smp_affinity_list	10-19,30-39
write	/proc/irq/201/smp_affinity_list	10-19,30-39
write	/proc/irq/202/smp_affinity_list	10-19,30-39
write	/proc/irq/203/smp_affinity_list	10-19,30-39
write	/proc/irq/204/smp_affinity_list	10-19,30-39
write	/proc/irq/205/smp_affinity_list	10-19,30-39
write	/proc/irq/214/smp_affinity_list	10-19,30-39
write	/proc/irq/215/smp_affinity_list	10-19,30-39
write	/proc/irq/216/smp_affinity_list	10-19,30-39
write	/proc/irq/217/smp_affinity_list	10-19,30-39
write	/proc/irq/218/smp_affinity_list	10-19,30-39
write	/proc/irq/219/smp_affinity_list	10-19,30-39
write	/proc/irq/220/smp_affinity_list	10-19,30-39
write	/proc/irq/221/smp_affinity_list	10-19,30-39
write	/proc/irq/222/smp_affinity_list	10-19,30-39
write	/proc/irq/223/smp_affinity_list	10-19,30-39
write	/proc/irq/224/smp_affinity_list	10-19,30-39
write	/proc/irq/225/smp_affinity_list	10-19,30-39
write	/proc/irq/226/smp_affinity_list	10-19,30-39
write	/proc/irq/227/smp_affinity_list	10-19,30-39
write	/proc/irq/228/smp_affinity_list	10-19,30-39
write	/proc/irq/229/smp_affinity_list	10-19,30-39
write	/proc/irq/230/smp_affinity_list	10-19,30-39
write	/proc/irq/231/smp_affinity_list	10-19,30-39
write	/proc/irq/232/smp_affinity_list	10-19,30-39
write	/proc/irq/233/smp_affinity_list	10-19,30-39
write	/proc/irq/234/smp_affinity_list	10-19,30-39
write	/proc/irq/235/smp_affinity_list	10-19,30-39
write	/proc/irq/236/smp_affinity_list	10-19,30-39
write	/proc/irq/237/smp_affinity_list	10-19,30-39
write	/proc/irq/238/smp_affinity_list	10-19,30-39
write	/proc/irq/239/smp_affinity_list	10-19,30-39
write	/proc/irq/24/smp_affinity_list	10-19,30-39
write	/proc/irq/240/smp_affinity_list	10-19,30-39
write	/proc/irq/241/smp_affinity_list	10-19,30-39
write	/proc/irq/242/smp_affinity_list	10-19,30-39
write	/proc/irq/243/smp_affinity_list	10-19,30-39
write	/proc/irq/244/smp_affinity_list	10-19,30-39
write	/proc/irq/245/smp_affinity_list	10-19,30-39
write	/proc/irq/246/smp_affinity_list	10-19,30-39
write	/proc/irq/247/smp_affinity_list	10-19,30-39
write	/proc/irq/248/smp_affinity_list	10-19,30-39
write	/proc/irq/249/smp_affinity_list	10-19,30-39
write	/proc/irq/25/smp_affinity_list	10-19,30-39
write	/proc/irq/250/smp_affinity_list	10-19,30-39
write	/proc/irq/251/smp_affinity_list	10-19,30-39
write	/proc/irq/252/smp_affinity_list	10-19,30-39
write	/proc/irq/253/smp_affinity_list	10-19,30-39
write	/proc/irq/254/smp_affinity_list	10-19,30-39
write	/proc/irq/256/smp_affinity_list	10-19,30-39
write	/proc/irq/257/smp_affinity_list	10-19,30-39
write	/proc/irq/258/smp_affinity_list	10-19,30-39
write	/proc/irq/259/smp_affinity_list	10-19,30-39
write	/proc/irq/26/smp_affinity_list	10-19,30-39
write	/proc/irq/260/smp_affinity_list	10-19,30-39
write	/proc/irq/261/smp_affinity_list	10-19,30-39
write	/proc/irq/262/smp_affinity_list	10-19,30-39
write	/proc/irq/263/smp_affinity_list	10-19,30-39
write	/proc/irq/264/smp_affinity_list	10-19,30-39
write	/proc/irq/265/smp_affinity_list	10-19,30-39
write	/proc/irq/266/smp_affinity_list	10-19,30-39
write	/proc/irq/267/smp_affinity_list	10-19,30-39
write	/proc/irq/268/smp_affinity_list	10-19,30-39
write	/proc/irq/269/smp_affinity_list	10-19,30-39
write	/proc/irq/27/smp_affinity_list	10-19,30-39
write	/proc/irq/270/smp_affinity_list	10-19,30-39
write	/proc/irq/271/smp_affinity_list	10-19,30-39
write	/proc/irq/272/smp_affinity_list	10-19,30-39
write	/proc/irq/273/smp_affinity_list	10-19,30-39
write	/proc/irq/274/smp_affinity_list	10-19,30-39
write	/proc/irq/275/smp_affinity_list	10-19,30-39
write	/proc/irq/276/smp_affinity_list	10-19,30-39
write	/proc/irq/277/smp_affinity_list	10-19,30-39
write	/proc/irq/278/smp_affinity_list	10-19,30-39
write	/proc/irq/279/smp_affinity_list	10-19,30-39
write	/proc/irq/28/smp_affinity_list	10-19,30-39
write	/proc/irq/280/smp_affinity_list	10-19,30-39
write	/proc/irq/281/smp_affinity_list	10-19,30-39
write	/proc/irq/282/smp_affinity_list	10-19,30-39
write	/proc/irq/283/smp_affinity_list	10-19,30-39
write	/proc/irq/284/smp_affinity_list	10-19,30-39
write	/proc/irq/285/smp_affinity_list	10-19,30-39
write	/proc/irq/286/smp_affinity_list	10-19,30-39
write	/proc/irq/287/smp_affinity_list	10-19,30-39
write	/proc/irq/288/smp_affinity_list	10-19,30-39
write	/proc/irq/289/smp_affinity_list	10-19,30-39
write	/proc/irq/29/smp_affinity_list	10-19,30-39
write	/proc/irq/290/smp_affinity_list	10-19,30-39
write	/proc/irq/291/smp_affinity_list	10-19,30-39
write	/proc/irq/292/smp_affinity_list	10-19,30-39
write	/proc/irq/293/smp_affinity_list	10-19,30-39
write	/proc/irq/294/smp_affinity_list	10-19,30-39
write	/proc/irq/295/smp_affinity_list	10-19,30-39
write	/proc/irq/296/smp_affinity_list	10-19,30-39
write	/proc/irq/3/smp_affinity_list	10-19,30-39
write	/proc/irq/31/smp_affinity_list	10-19,30-39
write	/proc/irq/32/smp_affinity_list	10-19,30-39
write	/proc/irq/34/smp_affinity_list	10-19,30-39
write	/proc/irq/36/smp_affinity_list	10-19,30-39
write	/proc/irq/37/smp_affinity_list	10-19,30-39
write	/proc/irq/38/smp_affinity_list	10-19,30-39
write	/proc/irq/4/smp_affinity_list	10-19,30-39
write	/proc/irq/46/smp_affinity_list	10-19,30-39
write	/proc/irq/48/smp_affinity_list	10-19,30-39
write	/proc/irq/49/smp_affinity_list	10-19,30-39
write	/proc/irq/5/smp_affinity_list	10-19,30-39
write	/proc/irq/50/smp_affinity_list	10-19,30-39
write	/proc/irq/51/smp_affinity_list	10-19,30-39
write	/proc/irq/52/smp_affinity_list	10-19,30-39
write	/proc/irq/53/smp_affinity_list	10-19,30-39
write	/proc/irq/54/smp_affinity_list	10-19,30-39
write	/proc/irq/55/smp_affinity_list	10-19,30-39
write	/proc/irq/56/smp_affinity_list	10-19,30-39
write	/proc/irq/57/smp_affinity_list	10-19,30-39
write	/proc/irq/58/smp_affinity_list	10-19,30-39
write	/proc/irq/59/smp_affinity_list	10-19,30-39
write	/proc/irq/6/smp_affinity_list	10-19,30-39
write	/proc/irq/60/smp_affinity_list	10-19,30-39
write	/proc/irq/61/smp_affinity_list	10-19,30-39
write	/proc/irq/62/smp_affinity_list	10-19,30-39
write	/proc/irq/63/smp_affinity_list	10-19,30-39
write	/proc/irq/64/smp_affinity_list	10-19,30-39
write	/proc/irq/65/smp_affinity_list	10-19,30-39
write	/proc/irq/66/smp_affinity_list	10-19,30-39
write	/proc/irq/67/smp_affinity_list	10-19,30-39
write	/proc/irq/68/smp_affinity_list	10-19,30-39
write	/proc/irq/69/smp_affinity_list	10-19,30-39
write	/proc/irq/7/smp_affinity_list	10-19,30-39
write	/proc/irq/70/smp_affinity_list	10-19,30-39
write	/proc/irq/71/smp_affinity_list	10-19,30-39
write	/proc/irq/72/smp_affinity_list	10-19,30-39
write	/proc/irq/73/smp_affinity_list	10-19,30-39
write	/proc/irq/74/smp_affinity_list	10-19,30-39
write	/proc/irq/75/smp_affinity_list	10-19,30-39
write	/proc/irq/76/smp_affinity_list	10-19,30-39
write	/proc/irq/77/smp_affinity_list	10-19,30-39
write	/proc/irq/78/smp_affinity_list	10-19,30-39
write	/proc/irq/79/smp_affinity_list	10-19,30-39
write	/proc/irq/8/smp_affinity_list	10-19,30-39
write	/proc/irq/80/smp_affinity_list	10-19,30-39
write	/proc/irq/81/smp_affinity_list	10-19,30-39
write	/proc/irq/82/smp_affinity_list	10-19,30-39
write	/proc/irq/83/smp_affinity_list	10-19,30-39
write	/proc/irq/84/smp_affinity_list	10-19,30-39
write	/proc/irq/85/smp_affinity_list	10-19,30-39
write	/proc/irq/86/smp_affinity_list	10-19,30-39
write	/proc/irq/87/smp_affinity_list	10-19,30-39
write	/proc/irq/89/smp_affinity_list	10-19,30-39
write	/proc/irq/9/smp_affinity_list	10-19,30-39
write	/proc/irq/91/smp_affinity_list	10-19,30-39
write	/proc/irq/94/smp_affinity_list	10-19,30-39
write	/proc/irq/95/smp_affinity_list	10-19,30-39
write	/proc/irq/96/smp_affinity_list	10-19,30-39
write	/proc/irq/97/smp_affinity_list	10-19,30-39
write	/proc/irq/98/smp_affinity_list	10-19,30-39
write	/proc/irq/99/smp_affinity_list	10-19,30-39
defrag	/users/zimooo2/tiering_solutions/reproductions/bc-twitter-may2026/conditions/arms_version_provenance/hugepage_settings_history/settings/current/defrag.sh default
